-- Drop any tables first
DROP TABLE Student CASCADE CONSTRAINTS;
DROP TABLE Member CASCADE CONSTRAINTS;
DROP TABLE Facility CASCADE CONSTRAINTS;
DROP TABLE LockersIn CASCADE CONSTRAINTS;
DROP TABLE BikeHas CASCADE CONSTRAINTS;
DROP TABLE Duration CASCADE CONSTRAINTS;
DROP TABLE Booking CASCADE CONSTRAINTS;
DROP TABLE MerchandisePurchased CASCADE CONSTRAINTS;
DROP TABLE Lesson CASCADE CONSTRAINTS;
DROP TABLE Instructor CASCADE CONSTRAINTS;
DROP TABLE Teaches CASCADE CONSTRAINTS;
DROP TABLE Enrolled CASCADE CONSTRAINTS;
DROP TABLE SocialEvents CASCADE CONSTRAINTS;
DROP TABLE Registered CASCADE CONSTRAINTS;
DROP TABLE Volunteer CASCADE CONSTRAINTS;
DROP TABLE Shift CASCADE CONSTRAINTS;

-- Create new tables
CREATE TABLE Student(
    StudentID CHAR(8),
    StudentName CHAR(20),
    DateRegistered DATE,
    StudentPhoneNo CHAR(12) UNIQUE,
    PRIMARY KEY (StudentID)
);

CREATE TABLE Member(
    StudentID CHAR(8),
    StudentName CHAR(20),
    DateRegistered DATE,
    StudentPhoneNo CHAR(12),
    MembershipStatus CHAR(12),
    BankingInfo CHAR(19),
    PRIMARY KEY (StudentID),
    FOREIGN KEY (StudentID) REFERENCES Student ON DELETE CASCADE
);

CREATE TABLE Facility(
    UnitNumber INT,
    PostalCode CHAR(6),
    City CHAR(20),
    StreetName CHAR(20),
    CapacityOfPeople INT,
    NumberOfBikes INT,
    PRIMARY KEY (UnitNumber, PostalCode)
);

CREATE TABLE LockersIn(
    Booked CHAR(1) not null,
    LockerNumber INT,
    PostalCode CHAR(6),
    UnitNumber INT,
    PRIMARY KEY (LockerNumber, UnitNumber, PostalCode),
    FOREIGN KEY (UnitNumber, PostalCode) REFERENCES Facility ON DELETE CASCADE
); 

CREATE TABLE BikeHas(
    BikeSerialNumber INT,
    Model CHAR(20),
    BookedStatus CHAR(1) not null,
    Condition CHAR(8),
    PostalCode CHAR(6),
    UnitNumber INT,
    PRIMARY KEY (BikeSerialNumber),
    FOREIGN KEY (UnitNumber, PostalCode) REFERENCES Facility
); 

CREATE TABLE Duration(
    StartTime TIMESTAMP,
    EndTime TIMESTAMP,
    Duration INT,
    PRIMARY KEY (StartTime, EndTime)
);

CREATE TABLE Booking(
    StudentID CHAR(8),
    BikeSerialNumber INT,
    StartTime TIMESTAMP,
    EndTime TIMESTAMP,
    DateBooked DATE,
    PRIMARY KEY (StudentID, BikeSerialNumber),
    FOREIGN KEY (StudentID) REFERENCES Member,
    FOREIGN KEY (StartTime, EndTime) REFERENCES Duration,
    FOREIGN KEY (BikeSerialNumber) REFERENCES BikeHas ON DELETE CASCADE
); 

CREATE TABLE MerchandisePurchased(
    Cost FLOAT,
    Type CHAR(20),
    UPC CHAR(12),
    DatePurchased DATE,
    StudentID CHAR(8),
    PRIMARY KEY (UPC),
    FOREIGN KEY (StudentID) REFERENCES Student
);

CREATE TABLE Lesson(
    LessonID CHAR(8),
    LessonDate DATE,
    LessonStartTime TIMESTAMP,
    LessonEndTime TIMESTAMP,
    NumberOfRegistrants INT,
    Location CHAR(20),
    PRIMARY KEY (LessonID)
);

CREATE TABLE Instructor(
    InstructorID CHAR(8),
    Age INT,
    Name CHAR(20),
    DateHired DATE,
    Income INT,
    InstructorPhoneNo CHAR(12),
    PRIMARY KEY (InstructorID)
);

CREATE TABLE Teaches(
    InstructorID CHAR(8), 
    LessonID CHAR(8), 
    LessonDate DATE,
    StartTime TIMESTAMP,
    EndTime TIMESTAMP,
    Location CHAR(20),
    NumberOfRegistrants INT,
    PRIMARY KEY (InstructorID, LessonID),
    FOREIGN KEY (InstructorID) REFERENCES Instructor ON DELETE CASCADE, 
    FOREIGN KEY (LessonID) REFERENCES Lesson ON DELETE CASCADE
);

CREATE TABLE Enrolled(
    StudentID CHAR(8),
    LessonID CHAR(8),
    LessonDate DATE,
    StartTime TIMESTAMP,
    EndTime TIMESTAMP,
    Location CHAR(20),
    NumberOfRegistrants INT,
    PRIMARY KEY (StudentID, LessonID),
    FOREIGN KEY (StudentID) REFERENCES Student,
    FOREIGN KEY (LessonID) REFERENCES Lesson ON DELETE CASCADE
);

CREATE TABLE SocialEvents(
    SocialEventName CHAR(20),
    EventDate DATE,
    StartTime TIMESTAMP,
    Capacity INT,
    NumberOfRegistrants INT,
    Location CHAR(20),
    PRIMARY KEY (SocialEventName, EventDate)
);

CREATE TABLE Registered(
    SocialEventName CHAR(20),
    EventDate DATE,
    StudentID CHAR(8),
    StudentName CHAR(20),
    DateRegistered DATE,
    StudentPhoneNo CHAR(12),
    MembershipStatus CHAR(12),
    BankingInfo CHAR(19),
    PRIMARY KEY (SocialEventName, EventDate, StudentID),
    FOREIGN KEY (SocialEventName, EventDate) REFERENCES SocialEvents,
    FOREIGN KEY (StudentID) REFERENCES Member
);

CREATE TABLE Volunteer(
    StudentID CHAR(8),
    StudentName CHAR(8),
    DateRegistered DATE,
    StudentPhoneNo CHAR(12),
    TotalVolunteerHours INT,
    PRIMARY KEY (StudentID),
    FOREIGN KEY (StudentID) REFERENCES Student
);

CREATE TABLE Shift(
    StudentID CHAR(8),
    ShiftID CHAR(8),
    Duration INT,
    StartTime TIMESTAMP,
    Location CHAR(20),
    ShiftDate DATE,
    PRIMARY KEY (ShiftID),
    FOREIGN KEY (StudentID) REFERENCES Volunteer
);


INSERT INTO Student VALUES ('00000000', 'Bella', TO_DATE('2021-05-04', 'YYYY-MM-DD'), '+16041234567');
INSERT INTO Student VALUES ('00000001', 'Johnny', TO_DATE('2023-01-04', 'YYYY-MM-DD'), '+16047654321');
INSERT INTO Student VALUES ('00000002', 'Maple', TO_DATE('2021-05-04', 'YYYY-MM-DD'), '+16041111111');
INSERT INTO Student VALUES ('00000003', 'Jennie', TO_DATE('2020-06-13', 'YYYY-MM-DD'), '+16042222222');
INSERT INTO Student VALUES ('00000004', 'Han', TO_DATE('2015-11-21', 'YYYY-MM-DD'), '+16043333333');
INSERT INTO Student VALUES ('00000005', 'Joelle', TO_DATE('2019-12-01', 'YYYY-MM-DD'), '+16044444444');
INSERT INTO Student VALUES ('00000006', 'Amy', TO_DATE('2020-11-03', 'YYYY-MM-DD'), '+16055555555');
INSERT INTO Student VALUES ('00000007', 'Pippa', TO_DATE('2021-10-22', 'YYYY-MM-DD'), '+16066666666');
    

INSERT INTO Member VALUES('00000000', 'Bella', TO_DATE('2021-05-04', 'YYYY-MM-DD'), '+16041234567', 'Gold', '1234567890123456789');
INSERT INTO Member VALUES('00000001', 'Johnny', TO_DATE('2023-01-04', 'YYYY-MM-DD'), '+16047654321', 'Gold', '1234567890123456781');
INSERT INTO Member VALUES('00000002', 'Maple', TO_DATE('2021-05-04', 'YYYY-MM-DD'), '+16041111111', 'Silver', '1234567890123456782');
INSERT INTO Member VALUES('00000003', 'Jennie', TO_DATE('2020-06-13', 'YYYY-MM-DD'), '+16042222222', 'Bronze', '1234567890123456783');
INSERT INTO Member VALUES('00000004', 'Han', TO_DATE('2021-05-04', 'YYYY-MM-DD'), '+16043333333', 'Gold', '1234567890123456784');
    

INSERT INTO Facility VALUES(0, 'V2W4T5', 'Burnaby', 'Hastings Ave', 100, 13);
INSERT INTO Facility VALUES(1, 'V6Y7K4', 'Burnaby', 'Renford St', 80, 47);
INSERT INTO Facility VALUES(2, 'V4K7N3', 'Richmond', 'Bern St', 40, 8);
INSERT INTO Facility VALUES(3, 'V8J3N5', 'Richmond', 'Honeysuckle Avenue', 28, 50);
INSERT INTO Facility VALUES(4, 'V9N2L2', 'Vancouver', 'Henria St', 55, 12);
INSERT INTO Facility VALUES(5, 'V7N3K6', 'Vancouver', 'Camelia Ave', 21, 8);
INSERT INTO Facility VALUES(6, 'V2W4T5', 'Vancouver', 'Bumblebee St', 8, 0);


INSERT INTO LockersIn VALUES('Y', 0, 'V2W4T5', 0);
INSERT INTO LockersIn VALUES('Y', 1, 'V6Y7K4', 1);
INSERT INTO LockersIn VALUES('N', 2, 'V4K7N3', 2);
INSERT INTO LockersIn VALUES('Y', 3, 'V8J3N5', 3);
INSERT INTO LockersIn VALUES('N', 4, 'V9N2L2', 4);
INSERT INTO LockersIn VALUES('N', 5, 'V7N3K6', 5);


INSERT INTO BikeHas VALUES(11111111, 'Basso', 'Y', 'Good', 'V2W4T5', 0);
INSERT INTO BikeHas VALUES(11111112, 'Electra', 'N', 'Superb', 'V9N2L2', 4);
INSERT INTO BikeHas VALUES(11111113, 'Giordano', 'Y', 'Good', 'V6Y7K4', 1);
INSERT INTO BikeHas VALUES(11111114, 'Kuota', 'N', 'Bad', 'V4K7N3', 2);
INSERT INTO BikeHas VALUES(11111115, 'Nicolai', 'Y', 'Repair', 'V2W4T5', 6);


INSERT INTO Duration VALUES(TO_TIMESTAMP('2023-03-01 12:30', 'YYYY-MM-DD HH24:MI'), TO_TIMESTAMP('2023-03-01 13:30', 'YYYY-MM-DD HH24:MI'), 60);
INSERT INTO Duration VALUES(TO_TIMESTAMP('2023-04-01 12:30', 'YYYY-MM-DD HH24:MI'), TO_TIMESTAMP('2023-04-01 13:30', 'YYYY-MM-DD HH24:MI'), 30);
INSERT INTO Duration VALUES(TO_TIMESTAMP('2023-05-01 19:30', 'YYYY-MM-DD HH24:MI'), TO_TIMESTAMP('2023-05-01 21:30', 'YYYY-MM-DD HH24:MI'), 90);
INSERT INTO Duration VALUES(TO_TIMESTAMP('2022-06-01 16:30', 'YYYY-MM-DD HH24:MI'), TO_TIMESTAMP('2023-06-01 17:30', 'YYYY-MM-DD HH24:MI'), 60);
INSERT INTO Duration VALUES(TO_TIMESTAMP('2023-05-11 11:30', 'YYYY-MM-DD HH24:MI'), TO_TIMESTAMP('2023-05-11 13:30', 'YYYY-MM-DD HH24:MI'), 120);
    

INSERT INTO Booking VALUES('00000000', 11111111, TO_TIMESTAMP('2023-03-01 12:30', 'YYYY-MM-DD HH24:MI'), TO_TIMESTAMP('2023-03-01 13:30', 'YYYY-MM-DD HH24:MI'), TO_DATE('2023-03-01', 'YYYY-MM-DD'));
INSERT INTO Booking VALUES('00000000', 11111112, TO_TIMESTAMP('2023-04-01 12:30', 'YYYY-MM-DD HH24:MI'), TO_TIMESTAMP('2023-04-01 13:30', 'YYYY-MM-DD HH24:MI'), TO_DATE('2023-04-01', 'YYYY-MM-DD'));
INSERT INTO Booking VALUES('00000001', 11111113, TO_TIMESTAMP('2023-05-01 19:30', 'YYYY-MM-DD HH24:MI'), TO_TIMESTAMP('2023-05-01 21:30', 'YYYY-MM-DD HH24:MI'), TO_DATE('2023-05-01', 'YYYY-MM-DD'));
INSERT INTO Booking VALUES('00000000', 11111114, TO_TIMESTAMP('2022-06-01 16:30', 'YYYY-MM-DD HH24:MI'), TO_TIMESTAMP('2023-06-01 17:30', 'YYYY-MM-DD HH24:MI'), TO_DATE('2023-06-01', 'YYYY-MM-DD'));
INSERT INTO Booking VALUES('00000003', 11111115, TO_TIMESTAMP('2023-05-11 11:30', 'YYYY-MM-DD HH24:MI'), TO_TIMESTAMP('2023-05-11 13:30', 'YYYY-MM-DD HH24:MI'), TO_DATE('2023-05-11', 'YYYY-MM-DD'));


INSERT INTO MerchandisePurchased VALUES(10.30, 'Helmet', '123456789012', TO_DATE('2023-02-28', 'YYYY-MM-DD'), '00000000');
INSERT INTO MerchandisePurchased VALUES(112.45, 'Bike', '123456789011', TO_DATE('2023-02-28', 'YYYY-MM-DD'), '00000000');
INSERT INTO MerchandisePurchased VALUES(10.35, 'Helmet', '123456789013', TO_DATE('2023-01-28', 'YYYY-MM-DD'), '00000001');
INSERT INTO MerchandisePurchased VALUES(400.40, 'Bike', '123456789014', TO_DATE('2022-04-20', 'YYYY-MM-DD'), '00000002');
INSERT INTO MerchandisePurchased VALUES(20.45, 'Helmet', '123456789015', TO_DATE('2020-06-06', 'YYYY-MM-DD'), '00000002');


INSERT INTO Lesson VALUES('44444444', TO_DATE('2020-05-03', 'YYYY-MM-DD'), TO_TIMESTAMP('2020-05-03 12:30', 'YYYY-MM-DD HH24:MI'), TO_TIMESTAMP('2020-05-03 13:30', 'YYYY-MM-DD HH24:MI'), 12, 'Dance St');
INSERT INTO Lesson VALUES('44444441', TO_DATE('2020-04-22', 'YYYY-MM-DD'), TO_TIMESTAMP('2020-04-22 13:40', 'YYYY-MM-DD HH24:MI'), TO_TIMESTAMP('2020-04-22 15:40', 'YYYY-MM-DD HH24:MI'), 30, 'Bella St');
INSERT INTO Lesson VALUES('44444442', TO_DATE('2020-06-03', 'YYYY-MM-DD'), TO_TIMESTAMP('2020-06-03 09:30', 'YYYY-MM-DD HH24:MI'), TO_TIMESTAMP('2020-06-03 10:30', 'YYYY-MM-DD HH24:MI'), 11, 'Bumble Rd');
INSERT INTO Lesson VALUES('44444443', TO_DATE('2020-05-30', 'YYYY-MM-DD'), TO_TIMESTAMP('2020-05-30 15:00', 'YYYY-MM-DD HH24:MI'), TO_TIMESTAMP('2020-05-30 16:00', 'YYYY-MM-DD HH24:MI'), 45, 'Chocolate St');
INSERT INTO Lesson VALUES('44444445', TO_DATE('2020-10-13', 'YYYY-MM-DD'), TO_TIMESTAMP('2020-10-13 12:15', 'YYYY-MM-DD HH24:MI'), TO_TIMESTAMP('2020-10-13 13:15', 'YYYY-MM-DD HH24:MI'), 32, 'Renfrew Ave');


INSERT INTO Instructor VALUES('55555555', 24, 'Laila', TO_DATE('2020-05-03', 'YYYY-MM-DD'), 45000, '+17781111111');
INSERT INTO Instructor VALUES('55555551', 25, 'Sheila', TO_DATE('2022-05-06', 'YYYY-MM-DD'), 55000, '+17782222222');
INSERT INTO Instructor VALUES('55555552', 21, 'Joe', TO_DATE('2022-05-12', 'YYYY-MM-DD'), 65000, '+17783333333');
INSERT INTO Instructor VALUES('55555553', 34, 'Bob', TO_DATE('2020-06-07', 'YYYY-MM-DD'), 30000, '+17784444444');
INSERT INTO Instructor VALUES('55555554', 32, 'Carson', TO_DATE('2021-08-12', 'YYYY-MM-DD'), 60000, '+17785555555');


INSERT INTO Teaches VALUES('55555555', '44444444', TO_DATE('2020-05-03', 'YYYY-MM-DD'), TO_TIMESTAMP('2020-05-03 12:30', 'YYYY-MM-DD HH24:MI'), TO_TIMESTAMP('2020-05-03 13:30', 'YYYY-MM-DD HH24:MI'), 'Dance St', 12);
INSERT INTO Teaches VALUES('55555551', '44444441', TO_DATE('2020-04-22', 'YYYY-MM-DD'), TO_TIMESTAMP('2020-04-22 13:40', 'YYYY-MM-DD HH24:MI'), TO_TIMESTAMP('2020-04-22 15:40', 'YYYY-MM-DD HH24:MI'), 'Cron St', 30);
INSERT INTO Teaches VALUES('55555552', '44444442', TO_DATE('2020-06-03', 'YYYY-MM-DD'), TO_TIMESTAMP('2020-06-03 09:30', 'YYYY-MM-DD HH24:MI'), TO_TIMESTAMP('2020-06-03 10:30', 'YYYY-MM-DD HH24:MI'), 'Bumble Rd', 11);
INSERT INTO Teaches VALUES('55555553', '44444443', TO_DATE('2020-05-30', 'YYYY-MM-DD'), TO_TIMESTAMP('2020-05-30 15:00', 'YYYY-MM-DD HH24:MI'), TO_TIMESTAMP('2020-05-30 16:00', 'YYYY-MM-DD HH24:MI'), 'Chocolate St', 45);
INSERT INTO Teaches VALUES('55555554', '44444444', TO_DATE('2020-10-13', 'YYYY-MM-DD'), TO_TIMESTAMP('2020-10-13 12:15', 'YYYY-MM-DD HH24:MI'), TO_TIMESTAMP('2020-10-13 13:15', 'YYYY-MM-DD HH24:MI'), 'Renfrew Ave', 32);


INSERT INTO Enrolled VALUES('00000000', '44444444', TO_DATE('2020-05-03', 'YYYY-MM-DD'), TO_TIMESTAMP('2020-05-03 12:30', 'YYYY-MM-DD HH24:MI'), TO_TIMESTAMP('2020-05-03 13:30', 'YYYY-MM-DD HH24:MI'), 'Dance St', 12);
INSERT INTO Enrolled VALUES('00000001', '44444444', TO_DATE('2020-05-03', 'YYYY-MM-DD'), TO_TIMESTAMP('2020-05-03 12:30', 'YYYY-MM-DD HH24:MI'), TO_TIMESTAMP('2020-05-03 13:30', 'YYYY-MM-DD HH24:MI'), 'Dance St', 12);
INSERT INTO Enrolled VALUES('00000002', '44444444', TO_DATE('2020-05-03', 'YYYY-MM-DD'), TO_TIMESTAMP('2020-05-03 12:30', 'YYYY-MM-DD HH24:MI'), TO_TIMESTAMP('2020-05-03 13:30', 'YYYY-MM-DD HH24:MI'), 'Dance St', 12);
INSERT INTO Enrolled VALUES('00000003', '44444444', TO_DATE('2020-05-03', 'YYYY-MM-DD'), TO_TIMESTAMP('2020-05-03 12:30', 'YYYY-MM-DD HH24:MI'), TO_TIMESTAMP('2020-05-03 13:30', 'YYYY-MM-DD HH24:MI'), 'Dance St', 12);
INSERT INTO Enrolled VALUES('00000004', '44444444', TO_DATE('2020-05-03', 'YYYY-MM-DD'), TO_TIMESTAMP('2020-05-03 12:30', 'YYYY-MM-DD HH24:MI'), TO_TIMESTAMP('2020-05-03 13:30', 'YYYY-MM-DD HH24:MI'), 'Dance St', 12);


INSERT INTO SocialEvents VALUES('HappyLand Day', TO_DATE('2023-04-05', 'YYYY-MM-DD'), TO_TIMESTAMP('2023-04-05 12:30', 'YYYY-MM-DD HH24:MI'), 15, 5, 'Hastings Ave');
INSERT INTO SocialEvents VALUES('Bike Day', TO_DATE('2023-04-15', 'YYYY-MM-DD'), TO_TIMESTAMP('2023-04-15 13:30', 'YYYY-MM-DD HH24:MI'), 25, 4, 'Hastings Ave');
INSERT INTO SocialEvents VALUES('Wonderworld', TO_DATE('2023-04-25', 'YYYY-MM-DD'), TO_TIMESTAMP('2023-04-25 12:30', 'YYYY-MM-DD HH24:MI'), 35, 20, 'Bern St');
INSERT INTO SocialEvents VALUES('Practicing biking', TO_DATE('2023-05-05', 'YYYY-MM-DD'),TO_TIMESTAMP('2023-05-05 12:30', 'YYYY-MM-DD HH24:MI'), 20, 9, 'Hastings Ave');
INSERT INTO SocialEvents VALUES('Watch and learn', TO_DATE('2023-05-15', 'YYYY-MM-DD'), TO_TIMESTAMP('2023-05-15 11:30', 'YYYY-MM-DD HH24:MI'), 30, 12, 'Bern St');


INSERT INTO Registered VALUES('HappyLand Day', TO_DATE('2023-04-05', 'YYYY-MM-DD'), '00000000', 'Bella', TO_DATE('2021-05-04', 'YYYY-MM-DD'), '+16041234567', 'Gold', '1234567890123456789');
INSERT INTO Registered VALUES('HappyLand Day', TO_DATE('2023-04-05', 'YYYY-MM-DD'), '00000001', 'Johnny', TO_DATE('2023-01-04', 'YYYY-MM-DD'), '+16047654321', 'Gold', '1234567890123456781');
INSERT INTO Registered VALUES('HappyLand Day', TO_DATE('2023-04-05', 'YYYY-MM-DD'), '00000002', 'Maple', TO_DATE('2021-05-04', 'YYYY-MM-DD'), '+16041111111', 'Silver', '1234567890123456782');
INSERT INTO Registered VALUES('HappyLand Day', TO_DATE('2023-04-05', 'YYYY-MM-DD'), '00000003', 'Jennie', TO_DATE('2020-06-13', 'YYYY-MM-DD'), '+16042222222', 'Bronze', '1234567890123456783');
INSERT INTO Registered VALUES('HappyLand Day', TO_DATE('2023-04-05', 'YYYY-MM-DD'), '00000004', 'Han', TO_DATE('2021-05-04', 'YYYY-MM-DD'), '+16043333333', 'Gold', '1234567890123456784');


INSERT INTO Volunteer VALUES('00000000', 'Bella', TO_DATE('2021-05-04', 'YYYY-MM-DD'), '+16041234567', 120);
INSERT INTO Volunteer VALUES('00000002', 'Maple', TO_DATE('2021-05-04', 'YYYY-MM-DD'), '+16041111111', 100);
INSERT INTO Volunteer VALUES('00000003', 'Jennie', TO_DATE('2020-06-13', 'YYYY-MM-DD'), '+16042222222', 320);
INSERT INTO Volunteer VALUES('00000005', 'Joelle', TO_DATE('2019-12-01', 'YYYY-MM-DD'), '+16044444444', 400);
INSERT INTO Volunteer VALUES('00000001', 'Johnny', TO_DATE('2023-01-04', 'YYYY-MM-DD'), '+16047654321', 120);
INSERT INTO Volunteer VALUES('00000007', 'Pippa', TO_DATE('2021-10-22', 'YYYY-MM-DD'), '+16066666666', 20);


INSERT INTO Shift VALUES('00000000', '33333333', 60, TO_TIMESTAMP('2023-03-04 12:30', 'YYYY-MM-DD HH24:MI'), 'Hastings Ave', TO_DATE('2023-03-04', 'YYYY-MM-DD'));
INSERT INTO Shift VALUES('00000001', '33333331', 60, TO_TIMESTAMP('2023-03-05 11:30', 'YYYY-MM-DD HH24:MI'), 'Henria St', TO_DATE('2023-03-05', 'YYYY-MM-DD'));
INSERT INTO Shift VALUES('00000002', '33333332', 120, TO_TIMESTAMP('2023-03-06 10:30', 'YYYY-MM-DD HH24:MI'), 'Honeysuckle Ave', TO_DATE('2023-03-06', 'YYYY-MM-DD'));
INSERT INTO Shift VALUES('00000003', '33333334', 360, TO_TIMESTAMP('2023-03-07 16:00', 'YYYY-MM-DD HH24:MI'), 'Hastings Ave', TO_DATE('2023-03-07', 'YYYY-MM-DD'));
INSERT INTO Shift VALUES('00000005', '33333335', 60, TO_TIMESTAMP('2023-03-08 15:00', 'YYYY-MM-DD HH24:MI'), 'Bern St', TO_DATE('2023-03-08', 'YYYY-MM-DD'));